7|PRO BRUSH - ALL OVER SHW 12||Аксессуары и PRO|2663|https://www.nyxcosmetic.ru/media/catalog/product/cache/88836f485742952bf5e52c5c259bc291/8/0/800897838553-main.jpg|2022-06-16 17:03:20.779634+06|2022-06-16 17:03:20.779634+06|t|0
8|PRO BRUSH -  BLENDING 16||Аксессуары и PRO|1883|https://www.nyxcosmetic.ru/media/catalog/product/cache/88836f485742952bf5e52c5c259bc291/8/0/800897838591-main.jpg|2022-06-16 17:03:20.779634+06|2022-06-16 17:03:20.779634+06|t|0
9|PRO BRUSH -  DUAL FIBER FNDTN 04||Аксессуары и PRO|2455|https://www.nyxcosmetic.ru/media/catalog/product/cache/88836f485742952bf5e52c5c259bc291/8/0/800897838478-main.jpg|2022-06-16 17:03:20.779634+06|2022-06-16 17:03:20.779634+06|t|0
10|PRO BRUSH -  DUAL FIBER POWDER 08||Аксессуары и PRO|3765|https://www.nyxcosmetic.ru/media/catalog/product/cache/88836f485742952bf5e52c5c259bc291/8/0/800897838515-main.jpg|2022-06-16 17:03:20.779634+06|2022-06-16 17:03:20.779634+06|t|0
11|PRO BRUSH -  KABUKI 01||Аксессуары и PRO|2537|https://www.nyxcosmetic.ru/media/catalog/product/cache/88836f485742952bf5e52c5c259bc291/8/0/800897838447-main.jpg|2022-06-16 17:03:20.779634+06|2022-06-16 17:03:20.779634+06|t|0
12|PRO BRUSH -  MULTI PURP BUFFING 03||Аксессуары и PRO|3849|https://www.nyxcosmetic.ru/media/catalog/product/cache/88836f485742952bf5e52c5c259bc291/8/0/800897838461-main.jpg|2022-06-16 17:03:20.779634+06|2022-06-16 17:03:20.779634+06|t|0
13|PRO BRUSH -  POWDER 02||Аксессуары и PRO|4595|https://www.nyxcosmetic.ru/media/catalog/product/cache/88836f485742952bf5e52c5c259bc291/8/0/800897838454-main.jpg|2022-06-16 17:03:20.779634+06|2022-06-16 17:03:20.779634+06|t|0
14|PRO BRUSH -  SHADING 13||Аксессуары и PRO|4132|https://www.nyxcosmetic.ru/media/catalog/product/cache/88836f485742952bf5e52c5c259bc291/8/0/800897838560-main.jpg|2022-06-16 17:03:20.779634+06|2022-06-16 17:03:20.779634+06|t|0
15|FACE & BODY GLITTER||Аксессуары и PRO|4675|https://www.nyxcosmetic.ru/media/catalog/product/cache/88836f485742952bf5e52c5c259bc291/2/9/2913-main.jpg|2022-06-16 17:03:20.779634+06|2022-06-16 17:03:20.779634+06|t|0
16|MATTE BLOTTING PAPER||Аксессуары и PRO|3105|https://www.nyxcosmetic.ru/media/catalog/product/cache/88836f485742952bf5e52c5c259bc291/M/a/MATTE-BLOTTING-PAPER-main.jpg|2022-06-16 17:03:20.779634+06|2022-06-16 17:03:20.779634+06|t|0
17|PRO BRUSH - DUO FIBER SETTING BRUSH 26||Аксессуары и PRO|1076|https://www.nyxcosmetic.ru/media/catalog/product/cache/88836f485742952bf5e52c5c259bc291/8/0/800897084844-main.jpg|2022-06-16 17:03:20.779634+06|2022-06-16 17:03:20.779634+06|t|0
18|PRO BRSH - DUO FIBER SMUDGER 29||Аксессуары и PRO|3157|https://www.nyxcosmetic.ru/media/catalog/product/cache/88836f485742952bf5e52c5c259bc291/8/0/800897084875-main.jpg|2022-06-16 17:03:20.779634+06|2022-06-16 17:03:20.779634+06|t|0
19|PRO BRSH - TAPERED ALL OVER SHDW 30||Аксессуары и PRO|2692|https://www.nyxcosmetic.ru/media/catalog/product/cache/88836f485742952bf5e52c5c259bc291/8/0/800897084882-main.jpg|2022-06-16 17:03:20.779634+06|2022-06-16 17:03:20.779634+06|t|0
20|PRO BRSH - DUO FIBER SHDW 31||Аксессуары и PRO|1869|https://www.nyxcosmetic.ru/media/catalog/product/cache/88836f485742952bf5e52c5c259bc291/8/0/800897084899-main.jpg|2022-06-16 17:03:20.779634+06|2022-06-16 17:03:20.779634+06|t|0
21|TOTAL CONTROL DROP FOUNDATION BRUSH 22||Аксессуары и PRO|3751|https://www.nyxcosmetic.ru/media/catalog/product/cache/88836f485742952bf5e52c5c259bc291/8/0/800897084929-main.jpg|2022-06-16 17:03:20.779634+06|2022-06-16 17:03:20.779634+06|t|0
22|SFX CRÉME COLOUR||Аксессуары и PRO|4441|https://www.nyxcosmetic.ru/media/catalog/product/cache/88836f485742952bf5e52c5c259bc291/S/f/sfx-creme-colour-main.jpg|2022-06-16 17:03:20.779634+06|2022-06-16 17:03:20.779634+06|t|0
23|METALLIC GLITTER||Аксессуары и PRO|2970|https://www.nyxcosmetic.ru/media/catalog/product/cache/88836f485742952bf5e52c5c259bc291/M/e/metallic-glitter-main.jpg|2022-06-16 17:03:20.779634+06|2022-06-16 17:03:20.779634+06|t|0
24|COMPLETE CONTROL BLENDER SPONGE||Аксессуары и PRO|1484|https://www.nyxcosmetic.ru/media/catalog/product/cache/88836f485742952bf5e52c5c259bc291/8/0/800897137090-main.jpg|2022-06-16 17:03:20.779634+06|2022-06-16 17:03:20.779634+06|t|0
25|CANT STOP WONT STOP FOUNDATION BRUSH||Аксессуары и PRO|4916|https://www.nyxcosmetic.ru/media/catalog/product/cache/88836f485742952bf5e52c5c259bc291/8/0/800897184919-main.jpg|2022-06-16 17:03:20.779634+06|2022-06-16 17:03:20.779634+06|t|0
26|NYX Professional Makeup BRUSH MICRO SMUDGING 41||Аксессуары и PRO|2175|https://www.nyxcosmetic.ru/media/catalog/product/cache/88836f485742952bf5e52c5c259bc291/8/0/800897197698-main.jpg|2022-06-16 17:03:20.779634+06|2022-06-16 17:03:20.779634+06|t|0
27|NYX Professional Makeup BRUSH MICRO SMUDGE BRUSH 44||Аксессуары и PRO|1273|https://www.nyxcosmetic.ru/media/catalog/product/cache/88836f485742952bf5e52c5c259bc291/8/0/800897197704-main.jpg|2022-06-16 17:03:20.779634+06|2022-06-16 17:03:20.779634+06|t|0
28|NYX Professional Makeup BRUSH MICRO FAN BRUSH 45||Аксессуары и PRO|2683|https://www.nyxcosmetic.ru/media/catalog/product/cache/88836f485742952bf5e52c5c259bc291/8/0/800897197728-main.jpg|2022-06-16 17:03:20.779634+06|2022-06-16 17:03:20.779634+06|t|0
29|NYX Professional Makeup BRUSH MICRO DETAIL BRUSH 42||Аксессуары и PRO|3667|https://www.nyxcosmetic.ru/media/catalog/product/cache/88836f485742952bf5e52c5c259bc291/8/0/800897197735-main.jpg|2022-06-16 17:03:20.779634+06|2022-06-16 17:03:20.779634+06|t|0
30|NYX Professional Makeup BRUSH MICRO PACKING BRUSH 43||Аксессуары и PRO|3450|https://www.nyxcosmetic.ru/media/catalog/product/cache/88836f485742952bf5e52c5c259bc291/8/0/800897197759-main.jpg|2022-06-16 17:03:20.779634+06|2022-06-16 17:03:20.779634+06|t|0
31|SFX FACE AND BODY PAINT||Аксессуары и PRO|4617|https://www.nyxcosmetic.ru/media/catalog/product/cache/88836f485742952bf5e52c5c259bc291/S/f/SFX-main.jpg|2022-06-16 17:03:20.779634+06|2022-06-16 17:03:20.779634+06|t|0
32|DIAMOND BODY PUFF||Аксессуары и PRO|4456|https://www.nyxcosmetic.ru/media/catalog/product/cache/88836f485742952bf5e52c5c259bc291/8/0/800897212018-main.png|2022-06-16 17:03:20.779634+06|2022-06-16 17:03:20.779634+06|t|0
33|THE MARSHMALLOW BLENDER||Аксессуары и PRO|1824|https://www.nyxcosmetic.ru/media/catalog/product/cache/88836f485742952bf5e52c5c259bc291/8/0/800897005337-main.jpg|2022-06-16 17:03:20.779634+06|2022-06-16 17:03:20.779634+06|t|0
34|BARE WITH ME SKIN SERUM BRUSH||Аксессуары и PRO|1598|https://www.nyxcosmetic.ru/media/catalog/product/cache/88836f485742952bf5e52c5c259bc291/8/0/800897099305-front_1.png|2022-06-16 17:03:20.779634+06|2022-06-16 17:03:20.779634+06|t|0
35|CASA DE PAPEL MIRROR||Аксессуары и PRO|3719|https://www.nyxcosmetic.ru/media/catalog/product/cache/88836f485742952bf5e52c5c259bc291/m/i/mirror-4.jpg|2022-06-16 17:03:20.779634+06|2022-06-16 17:03:20.779634+06|t|0
36|PRO BRUSH - ANGLED 19||Аксессуары и PRO|4437|https://www.nyxcosmetic.ru/media/catalog/product/cache/88836f485742952bf5e52c5c259bc291/8/0/800897838621-main.jpg|2022-06-16 17:03:20.779634+06|2022-06-16 17:03:20.779634+06|t|0
37|PRO BRUSH -  CREASE 17||Аксессуары и PRO|3069|https://www.nyxcosmetic.ru/media/catalog/product/cache/88836f485742952bf5e52c5c259bc291/8/0/800897838607-main.jpg|2022-06-16 17:03:20.779634+06|2022-06-16 17:03:20.779634+06|t|0
38|PRO BRUSH - DUAL FIBER PRECISION 09||Аксессуары и PRO|1188|https://www.nyxcosmetic.ru/media/catalog/product/cache/88836f485742952bf5e52c5c259bc291/8/0/800897838522-main.jpg|2022-06-16 17:03:20.779634+06|2022-06-16 17:03:20.779634+06|t|0
39|PRO BRUSH -  FLAT FOUNDATION 07||Аксессуары и PRO|1796|https://www.nyxcosmetic.ru/media/catalog/product/cache/88836f485742952bf5e52c5c259bc291/8/0/800897838508-main.jpg|2022-06-16 17:03:20.779634+06|2022-06-16 17:03:20.779634+06|t|0
40|PRO BRUSH -  LIP 20||Аксессуары и PRO|1763|https://www.nyxcosmetic.ru/media/catalog/product/cache/88836f485742952bf5e52c5c259bc291/8/0/800897838638-main.jpg|2022-06-16 17:03:20.779634+06|2022-06-16 17:03:20.779634+06|t|0
41|PRO BRUSH -  SMUDGER 15||Аксессуары и PRO|4486|https://www.nyxcosmetic.ru/media/catalog/product/cache/88836f485742952bf5e52c5c259bc291/8/0/800897838584-main.jpg|2022-06-16 17:03:20.779634+06|2022-06-16 17:03:20.779634+06|t|0
42|PRO BRUSH - TAPERED POWDER 24||Аксессуары и PRO|3401|https://www.nyxcosmetic.ru/media/catalog/product/cache/88836f485742952bf5e52c5c259bc291/8/0/800897084820-main.jpg|2022-06-16 17:03:20.779634+06|2022-06-16 17:03:20.779634+06|t|0
43|PRO BRSH - PRECISION BUFFING 27||Аксессуары и PRO|2323|https://www.nyxcosmetic.ru/media/catalog/product/cache/88836f485742952bf5e52c5c259bc291/8/0/800897084851-main.jpg|2022-06-16 17:03:20.779634+06|2022-06-16 17:03:20.779634+06|t|0
44|PRO BRSH - BUFFING 32||Аксессуары и PRO|3073|https://www.nyxcosmetic.ru/media/catalog/product/cache/88836f485742952bf5e52c5c259bc291/8/0/800897084905-main.jpg|2022-06-16 17:03:20.779634+06|2022-06-16 17:03:20.779634+06|t|0
45|PRO BRUSH -  FAN 06||Аксессуары и PRO|2697|https://www.nyxcosmetic.ru/media/catalog/product/cache/88836f485742952bf5e52c5c259bc291/8/0/800897838492-main.jpg|2022-06-16 17:03:20.779634+06|2022-06-16 17:03:20.779634+06|t|0
46|MAKEUP ARTIST TRAIN CASE - ORGANIZED CHAOS 08||Аксессуары и PRO|3719|https://www.nyxcosmetic.ru/media/catalog/product/cache/88836f485742952bf5e52c5c259bc291/8/0/800897819033-main.jpg|2022-06-16 17:03:20.779634+06|2022-06-16 17:03:20.779634+06|t|0
47|PIGMENTS||Аксессуары и PRO|3111|https://www.nyxcosmetic.ru/media/catalog/product/cache/88836f485742952bf5e52c5c259bc291/S/h/shining-pigments-main.png|2022-06-16 17:03:20.779634+06|2022-06-16 17:03:20.779634+06|t|0
